Process;Type;Product;Amount;Unit;Photochemical oxidation (kg C2H4 eq);Eutrophication (kg PO4--- eq);Fresh water aquatic ecotox. (kg 1,4-DB eq);Terrestrial ecotoxicity (kg 1,4-DB eq);Human toxicity (kg 1,4-DB eq);Acidification (kg SO2 eq);Ozone layer depletion (ODP) (kg CFC-11 eq);Abiotic depletion (fossil fuels) (MJ);Abiotic depletion (kg Sb eq);Marine aquatic ecotoxicity (kg 1,4-DB eq);Global warming (GWP100a) (kg CO2 eq)
Drinking water, production mix, at plant, water purification treatment, from groundwater - RER;LCI result;drinking water;1.0;kg;7.11626932937387e-08;4.4623160590715714e-07;2.0685839645162575e-06;1.201191954906785e-07;2.3576240256877858e-05;1.2882855345570134e-06;7.202876828095107e-12;0.000294508152238459;6.282746483485596e-10;0.011218469511279217;0.0005779961624618118
Lorry transport, Euro 0, 1, 2, 3, 4 mix, 22 t total weight, 17,3t max payload - RER;LCI result;transport in t*km;1.0;t*km;2.2392130051167594e-05;7.153166003801638e-05;3.339502330786513e-05;2.837510193832479e-06;0.002061831569435487;0.00031093982686854275;1.331042460736863e-10;0.870151227437222;2.618252623492524e-09;0.8804588110157299;0.0659031469434482
Electricity Mix, consumption mix, at consumer, AC, 1kV - 60kV - EU-27;LCI result;electricity mix;1.0;MJ;5.4508193057086255e-05;3.907665701462374e-05;0.0002927871251796288;0.00010917003751725001;0.008670701735888435;0.0011501564926018162;3.780898244916561e-08;0.18960307392490836;3.7089131234050013e-09;58.00114965531612;0.15589982195971605
Polyethylene low density granulate (PE-LD), production mix, at plant - RER;LCI result;polyethylene low density granulate (PE-LD);1.0;kg;0.0005208992014548471;0.0005013766217990801;0.0010196242602050877;9.899156335678469e-05;0.013064952850544832;0.0079291540354336;0.0;35.3525906470464;2.0753973897437045e-07;105.06353440767303;2.1440590766617182
Polybutadiene granulate (PB), production mix, at plant - RER;LCI result;polybutadiene granulate (PB);1.0;kg;0.0010528786511737325;0.0010153256943580815;0.00023679697755777575;2.0771743599613262e-05;0.02699286972934792;0.0199376412514448;0.0;50.852391997967;2.1636646106991422e-08;215.98852322429588;3.9346199572947573
Polycarbonate granulate (PC), production mix, at plant - RER;LCI result;polycarbonate granulate (PC);1.0;kg;0.0017002463120498002;0.0029004955034784004;0.02358547933935665;0.026950245739814294;0.10041631162852163;0.0248017541376;0.0;21.666974538;1.3583191677170176e-06;304.4471011898627;7.93742023581055
